study_name	primer_name	fwd_seq	rev_seq	initial_fwd_trim	initial_rev_trim	asv_fasta_path	asv_counts_path	taxonomy_path	metadata_path	metadata_variable	metadata_value
Beatty_2022	515F_926R	GTGCCAGCMGCCGCGGTAA	CCGYCAATTYMTTTRAGTTT	0	0	/home/terreyd/Metaanalysis/02/clean/dna-sequences.fasta	/home/terreyd/Metaanalysis/02/clean/feature-table.tsv	/home/terreyd/Metaanalysis/02/clean/taxonomy-assignments.tsv	/home/terreyd/Metaanalysis/metadata_enrichment/outputs/by_study/clean/Beatty_2022_metadata_full.tsv	HolobiontArea	NA
Crump_2018_301bp	515F_806R	GTGYCAGCMGCCGCGGTAA	GGACTACNVGGGTWTCTAAT	0	0	/home/terreyd/Metaanalysis/04/reads_301bp/clean/dna-sequences.fasta	/home/terreyd/Metaanalysis/04/reads_301bp/clean/feature-table.tsv	/home/terreyd/Metaanalysis/04/reads_301bp/clean/taxonomy-assignments.tsv	/home/terreyd/Metaanalysis/metadata_enrichment/outputs/by_study/clean/Crump_2018_301bp_metadata_full.tsv	HolobiontArea	NA
Cucio_2016	341F_785R	CCTACGGGNGGCWGCAG	GACTACHVGGGTATCTAATCC	0	0	/home/terreyd/Metaanalysis/05/clean/dna-sequences.fasta	/home/terreyd/Metaanalysis/05/clean/feature-table.tsv	/home/terreyd/Metaanalysis/05/clean/taxonomy-assignments.tsv	/home/terreyd/Metaanalysis/metadata_enrichment/outputs/by_study/clean/Cucio_2016_metadata_full.tsv	HolobiontArea	NA
Iqbal_2021	342F_806R	CTACGGGGGGCAGCAG	GACTACCGGGGTATCT	26	0	/home/terreyd/Metaanalysis/07/clean/dna-sequences.fasta	/home/terreyd/Metaanalysis/07/clean/feature-table.tsv	/home/terreyd/Metaanalysis/07/clean/taxonomy-assignments.tsv	/home/terreyd/Metaanalysis/metadata_enrichment/outputs/by_study/clean/Iqbal_2021_metadata_full.tsv	HolobiontArea	NA
Iqbal_2023	515F_806R	GTGCCAGCMGCCGCGGTAA	GGACTACHVGGGTWTCTAAT	0	0	/home/terreyd/Metaanalysis/08/clean/dna-sequences.fasta	/home/terreyd/Metaanalysis/08/clean/feature-table.tsv	/home/terreyd/Metaanalysis/08/clean/taxonomy-assignments.tsv	/home/terreyd/Metaanalysis/metadata_enrichment/outputs/by_study/clean/Iqbal_2023_metadata_full.tsv	HolobiontArea	NA
Jensen_2007	27F_1492R	AGAGTTTGATCMTGGCTCAG	ACGGYTACCTTGTTACGACTT	0	0	/home/terreyd/Metaanalysis/09/clean/dna-sequences.fasta	/home/terreyd/Metaanalysis/09/clean/feature-table.tsv	/home/terreyd/Metaanalysis/09/clean/taxonomy-assignments.tsv	/home/terreyd/Metaanalysis/metadata_enrichment/outputs/by_study/clean/Jensen_2007_metadata_full.tsv	HolobiontArea	NA
Kardish_2023	515F_926R	GTGCCAGCMGCCGCGGTAA	CCGYCAATTYMTTTRAGTTT	0	0	/home/terreyd/Metaanalysis/10/clean/dna-sequences.fasta	/home/terreyd/Metaanalysis/10/clean/feature-table.tsv	/home/terreyd/Metaanalysis/10/clean/taxonomy.tsv	/home/terreyd/Metaanalysis/metadata_enrichment/outputs/by_study/clean/Kardish_2023_metadata_full.tsv	HolobiontArea	NA
Sanders_Smith_2020	515F_806R	GTGYCAGCMGCCGCGGTAA	GGACTACNVGGGTWTCTAAT	0	0	/home/terreyd/Metaanalysis/12/clean/dna-sequences.fasta	/home/terreyd/Metaanalysis/12/clean/feature-table.tsv	/home/terreyd/Metaanalysis/12/clean/taxonomy-assignments.tsv	/home/terreyd/Metaanalysis/metadata_enrichment/outputs/by_study/clean/Sanders_Smith_2020_metadata_full.tsv	HolobiontArea	NA
Ettinger_2017	515F_806R	GTGYCAGCMGCCGCGGTAA	GGACTACNVGGGTWTCTAAT	0	6	/home/terreyd/Metaanalysis/17/clean/dna-sequences.fasta	/home/terreyd/Metaanalysis/17/clean/feature-table.tsv	/home/terreyd/Metaanalysis/17/clean/taxonomy-assignments.tsv	/home/terreyd/Metaanalysis/metadata_enrichment/outputs/by_study/clean/Ettinger_2017_metadata_full.tsv	HolobiontArea	NA
Fahimipour_2017	515F_806R	GTGYCAGCMGCCGCGGTAA	GGACTACNVGGGTWTCTAAT	0	0	/home/terreyd/Metaanalysis/18/fastq/clean/dna-sequences.fasta	/home/terreyd/Metaanalysis/18/fastq/clean/feature-table.tsv	/home/terreyd/Metaanalysis/18/fastq/clean/taxonomy-assignments.tsv	/home/terreyd/Metaanalysis/metadata_enrichment/outputs/by_study/clean/Fahimipour_2017_metadata_full.tsv	HolobiontArea	NA
Brauer_2022	515F_806R	GTGYCAGCMGCCGCGGTAA	GGACTACNVGGGTWTCTAAT	0	0	/home/terreyd/Metaanalysis/19/16S/clean/dna-sequences.fasta	/home/terreyd/Metaanalysis/19/16S/clean/feature-table.tsv	/home/terreyd/Metaanalysis/19/16S/clean/taxonomy-assignments.tsv	/home/terreyd/Metaanalysis/metadata_enrichment/outputs/by_study/clean/Brauer_2022_metadata_full.tsv	HolobiontArea	NA
